Model,Accuracy,Precision,Recall,F1-score,ROC-AUC
Logistic Regression,1.0,1.0,1.0,1.0,1.0
Random Forest,1.0,1.0,1.0,1.0,1.0
XGBoost,1.0,1.0,1.0,1.0,1.0
LSTM,0.5075471698113208,0.12547528517110265,0.515625,0.2018348623853211,0.48279908798283266
GRU,0.5490566037735849,0.1276595744680851,0.46875,0.20066889632107024,0.4728406652360515
