Model,Accuracy,Precision,Recall,F1-score,ROC-AUC
Logistic Regression,1.0,1.0,1.0,1.0,1.0
Random Forest,1.0,1.0,1.0,1.0,1.0
XGBoost,1.0,1.0,1.0,1.0,1.0
LSTM,0.6735849056603773,0.14838709677419354,0.359375,0.2100456621004566,0.5258181330472104
GRU,0.5849056603773585,0.12857142857142856,0.421875,0.19708029197080293,0.5175026824034334
